0.9138095996128959,0,1.379822111211679,1,35.54400571592862,98,1
0.4155627227214829,0,0.2670210684011076,0,50.55894446438118,97,0
0.0363933158999219,1,5.558271227929035,6,4.158924615444981,60,1
0.5931521815169765,1,8.527051090855752,5,5.19235536645175,87,0
0.3156076962859116,1,0.3363548402214178,6,84.86699428493935,7,0
0.6911141946221595,0,5.618729350649647,6,15.17445139674125,34,0
0.6585328159771764,0,2.765353360657166,0,77.08473645891098,1,1
0.5157726511553042,1,8.39465260679974,6,45.27062895031408,88,0
0.6726107013171769,1,5.567800619211907,3,26.33665039061586,20,1
0.9235806367534589,0,2.980952144326465,6,90.31445592544833,0,0
0.8513348350764061,0,2.814235714134525,0,66.40779138676949,41,1
0.9645600303307056,1,2.199292886301674,4,28.68076183965176,78,0
0.8235814583464243,1,4.00058575478348,9,28.20450773970806,42,1
0.5985517113603793,0,8.057080822540135,1,71.92403309764921,8,1
0.9844768912479878,0,3.106530498965094,0,45.62628207444852,85,1
0.5658839702451373,1,4.394634709051055,5,36.50203857847896,3,1
0.8706811443896407,1,2.417209564185918,2,54.35786721454689,93,0
0.5418627603902986,0,2.743572161869707,9,24.67616848429166,79,1
0.6380902060072835,0,1.467793967842179,0,58.97777358696281,18,1
0.5797578143179034,0,6.240562390405755,6,60.65397376080226,41,1
0.01067939966421405,1,7.367987023521088,0,99.46141515094145,3,1
0.135059930784168,0,1.079753305623046,2,14.85068218369467,15,0
0.1412176614204401,1,8.89663612916462,8,66.88260205625167,0,0
0.2943495042962785,0,1.677947488708131,8,83.12416822200095,96,0
0.03698740639951059,0,9.817895697837873,8,80.03337620834967,16,1
0.3126658141085692,0,5.09715410455125,0,56.38926123336854,40,1
0.7582258524072891,0,8.454085664711295,4,57.479406719486,80,1
0.4485780106244592,1,4.699984336443226,3,15.26628016092344,18,0
0.9900101213751942,1,5.009722124737088,8,25.3431809663337,75,0
0.877582622496309,1,1.143532185279001,6,54.1994270236769,45,1
0.1379093334837598,1,5.251901850275178,7,37.97931144592235,33,1
0.4537930386091595,1,6.205653073560073,1,26.80553142993753,92,0
0.6825940897484417,1,9.675027945536316,2,4.23854865189952,55,0
0.2749291724904008,1,3.270682858880749,3,73.48933937154709,88,1
0.6014292094992733,0,6.107893497014716,8,80.37471918138894,8,0
0.2261478128338121,1,1.349041541060425,8,66.67801358661289,81,1
0.8529143781746769,1,2.617304685640185,4,43.58255281019323,43,0
0.8702976069556749,1,5.33612579278709,3,39.19217874788635,14,1
0.003304414163561864,0,8.985112224712097,6,37.8158985003076,92,1
0.6216061652655358,0,1.203111587427634,8,8.548242342730594,19,0
0.4273411219769794,1,2.335721398771646,0,79.71549347167857,31,1
0.3510903730407369,1,4.403820195394366,5,60.76484894514904,94,1
0.405271728269857,1,9.020080742367204,7,65.30916504747046,36,1
0.2513095805781287,1,2.201625326433276,8,37.94052387850713,9,0
0.9156487570784466,1,1.29459995794805,7,62.96274040377807,64,0
0.5977935597881119,1,1.443259052339978,2,89.76109104773515,79,0
0.381672472854685,0,2.452783985654119,0,30.85152732999603,46,0
0.05064212552800584,1,7.159143979834533,0,69.98857728641089,24,0
0.5182047705800916,1,9.5588415295885,4,21.09995166971974,67,0
0.6248614600475961,0,6.386416857985675,9,55.09779332004288,13,1
0.8819484358678249,0,5.723774209511945,9,83.67750469154223,16,0
0.9437338104821087,1,0.3032617478543798,6,84.77529215208565,75,0
0.7353887917889244,1,8.228492347923329,9,33.87916528547974,5,0
0.6596462839805493,0,1.656905451451913,9,76.1121880105146,41,1
0.0870829646700515,1,1.364450469950713,0,85.8620432903027,93,1
0.9573277508931759,1,7.31848101948444,3,6.298513292868835,49,0
0.6152525239381248,1,0.9189862232328339,6,62.41144942494768,24,1
0.690401658884662,1,2.756781316044248,5,49.41242270368815,57,1
0.5988437489723868,1,1.528790788700491,6,45.32957350484384,49,1
0.4378463439246596,1,1.965410541537804,9,9.500074431574568,82,0
0.3254509540737738,0,7.979293200693565,9,13.2453986592731,95,1
0.5678053824711118,0,6.728964476818671,2,54.8358652534094,97,1
0.4065205188801351,1,3.03795753531517,1,46.9395302764406,57,0
0.6772017038323472,0,4.853203242489244,2,84.30052599619032,25,0
0.1504585012327284,1,3.31426255421559,1,3.747825943412342,46,1
0.7747386925294546,1,2.106083955159899,2,63.34063118552127,35,0
0.6914694709625966,1,4.35255393337667,4,71.82464447629219,76,1
0.4661494314349612,0,4.929601624725048,3,39.15953537823131,19,1
0.4950561062149619,1,7.649673390093675,4,79.61079958516122,14,1
2.083042484397613E-4,0,4.506917937935942,5,52.0211618179417,91,0
0.7668784155416015,1,3.239308554162319,3,19.6080721975769,65,0
0.70957819607536,1,3.469584585923562,0,57.62271872333431,62,0
0.1771126104362726,0,1.25210887490808,0,5.596796910792246,50,1
0.1064017953076821,1,7.890382096891329,2,42.81922878312634,65,0
0.1346079299588581,1,0.2346055332472963,4,35.43171198396615,89,1
0.5262404638401157,1,4.647362086921722,8,59.5381149882439,41,1
0.7477896230755974,0,6.042662411374495,6,56.18746426400227,95,1
0.08988188043918344,1,5.2022816934674,0,51.69168320363311,88,1
0.7720851004678257,0,5.47260595988508,9,12.66987426071158,43,1
0.6351967072606988,0,8.965709399849562,2,60.17257323119583,21,1
0.8047222355706136,1,5.529191746271147,1,87.71328648798492,29,1
0.6503397940519831,0,6.413122495301216,9,10.26993454037695,20,0
0.0672097500460429,0,6.082429833463883,9,36.32305335819424,91,0
0.2610177694791151,1,7.967212186900285,9,48.75336700717947,58,0
0.8030336177847297,0,0.1218480887113493,1,19.76568855967466,61,0
0.3518793878605904,0,1.766800721885322,1,82.93881010287943,86,0
0.4531951122780846,0,0.564782679382756,5,21.49085595073095,52,0
0.4465739022467632,0,7.26246886674334,2,57.61811210064864,96,0
0.6376507327939558,1,4.42847173954601,3,25.68777507707174,99,0
0.9068286709972921,1,5.059399701203469,7,86.36747380928833,5,1
0.7534646186745089,0,1.917479254407719,5,29.29367297640295,24,0
0.987239618453718,1,2.921507879862786,1,10.845515380588,61,1
0.1760198363060179,0,3.986438822764544,6,87.2548248978805,24,0
0.0102802347080384,1,5.963378361340497,9,77.8965227937316,46,1
0.5686810198417511,0,7.594413899342539,6,28.41093897802109,64,1
0.2918601762861062,1,8.453864228435249,4,49.05599839485517,61,0
0.8019262767959818,0,1.823568423502644,6,32.7563233541597,71,0
0.5020367710892659,0,0.4702980826993453,7,2.080593805689057,57,1
0.107911547399038,1,0.894638655665223,8,55.32229902439258,86,1
0.3279556428514356,0,6.27305041496836,2,18.11735691461516,92,0
0.2737508604518546,1,2.784435930865632,6,58.23080680647148,44,1
0.5312806312699656,0,1.804620906244498,1,14.11070627815487,37,1
0.5463242957268792,1,7.567789013484714,9,4.619953255331422,43,1
0.8281660019918629,0,3.497245477390782,6,39.86683938002249,68,0
0.5128101392555204,1,3.830676596725364,2,10.45568118139681,28,0
0.9460513801387667,1,3.465335459818739,2,23.56845779689258,32,0
0.8784138643897352,1,0.564363809791808,9,36.3867311805939,16,1
0.2457461212666774,0,1.81961888752354,8,61.23759663180785,49,1
0.346450183594391,1,6.331001429822963,0,37.90905591443187,72,0
0.80393577092482,0,0.7987033691077006,8,18.4677779956894,15,0
0.8075940478707075,1,2.71379047900931,4,16.93837204431856,90,1
0.5476408191467561,0,9.716987354552982,0,74.9511022825644,30,1
0.4167001931392491,1,3.098409519003937,1,89.76835166768961,46,1
0.6750110595622174,1,7.957763728843828,4,52.7183892627283,81,1
0.3502967742988727,1,7.080223369522334,8,71.21588432925866,24,1
0.149885972500418,0,0.7051365303173607,4,42.55913371853664,18,1
0.3717579979166539,0,5.547350288538094,5,48.34367320559969,77,0
0.95824757285579,1,5.913099665816541,4,58.60927486067111,31,1
0.0781998959199186,1,5.467488638355496,6,44.44714892316333,61,1
0.2701201392908281,0,5.438553558703834,8,35.51017261583542,76,0
0.5903910166861288,1,6.77928133322234,3,31.36651007339439,46,1
0.7753904489490635,0,5.819789461536098,2,51.22127537940742,38,1
0.6744514585175199,1,3.775896486014476,4,57.276103927935,28,0
0.7063390997342485,0,8.918057385919866,9,78.66817232715782,60,1
0.4021079431918064,1,6.246047840921278,8,62.64111198579953,51,1
0.1614328631971247,1,0.6360426107086181,9,88.60386760255061,21,1
0.3798797312060178,1,3.703008234171261,8,11.97162438300754,63,0
0.4424439629169226,1,6.785188532989288,5,56.8865628104858,95,1
0.9446797869599743,0,0.352161868054941,6,61.88942095884502,97,1
0.2400999541593405,0,5.225540584227812,5,50.62390547597344,35,1
0.8163958993100249,1,7.04259572728953,7,26.66241027812217,22,1
0.1892238031355638,1,3.791968763281186,6,50.29883726130078,23,1
0.9206267585108523,1,8.804329276148335,1,54.57590808176096,42,0
0.5268776020635213,1,7.172444828955133,3,29.41927118577537,94,1
0.918201396878358,1,9.858178623907508,5,89.71616192256198,67,0
0.4442478379808852,0,3.110601123808925,8,94.08215820325702,82,1
0.9621245745102431,1,3.645372657437302,1,63.53406280566429,58,1
0.03450380224114813,1,7.93900250557704,0,91.32529998802714,54,1
0.930174955302479,0,7.244263186384643,3,8.235101824385117,30,1
0.6911452607500883,0,0.2066696557202352,5,61.83872463495066,60,0
0.1400523748708238,1,9.13180996319576,3,26.96451626078149,12,0
0.9282209178042742,1,0.7557695053598179,9,18.11188683377691,20,0
0.6782464870623846,0,5.33744329015585,9,4.933452557718199,22,1
0.1009649415231095,1,1.681936727319411,4,13.53929693260623,54,0
0.2706367283982738,0,2.624206514753338,5,14.37897890908009,55,1
0.2581750637712776,0,5.089891972688017,0,26.29906419669921,95,1
0.2790993806195059,0,7.567303205397507,3,77.69505846666871,29,0
0.01394289416704098,1,5.419040471638888,6,27.78521863202421,36,0
0.2552975606362147,0,2.24965278135751,4,75.62675988716035,75,1
0.9118795521575911,1,5.119559373125488,3,83.93135961251397,63,1
0.5434794006897574,1,1.163025087855538,0,5.067094048770326,53,0
0.4357767696811867,1,8.547842945781216,7,73.45070890695004,93,0
0.9686428366374937,1,2.124778111805692,3,21.01209423451733,97,1
0.2535128915519254,0,5.13066617936168,6,76.41690617539602,54,0
0.7793576682218792,0,4.402956287896997,5,62.38724402581455,43,1
0.9224801312470114,0,9.102680594017718,7,31.75971807261013,5,0
0.3940321851081701,1,1.491579961821945,9,15.72180381685877,89,0
0.3880446792448702,1,1.765995039856842,5,38.12123344547709,2,0
0.238825368442638,0,3.883931913918899,1,95.7890318832667,16,1
0.1126747620886672,0,6.084816452646602,5,15.40029510029455,0,1
0.2567145192294789,0,2.796947702398511,1,90.80725768599325,54,0
0.7613064200572204,0,0.1406844974721788,6,58.34290973009681,16,0
0.3521068001101739,0,3.860902506956188,2,48.41537195191563,59,1
0.3555041181893626,1,2.382985099512169,9,53.6595044163206,73,0
0.6971414464606727,1,8.901104023944518,3,29.3816649118946,32,1
0.8840162331338088,1,0.8484665497800115,2,26.37798585445881,82,0
0.5230402798465421,1,7.933620339128978,7,63.15775877059235,8,1
0.2929937719087796,1,7.788049664693761,5,81.0923962893886,23,1
0.6558409808005967,1,2.720101122667413,2,11.72023806890858,20,1
0.5225996327257121,0,1.746397825563022,5,39.68433691428464,24,1
0.5699845407057305,0,8.394540289914998,0,43.18707143581757,61,1
0.5383095623052299,0,0.4363263016269658,1,7.881190580252517,30,0
0.4537073834370711,1,3.238933089564322,5,57.45550249644915,20,1
0.1232779653658262,0,5.89530734769622,9,3.550446065157065,97,0
0.03493508563264958,0,0.5603412167467892,0,13.33223872882656,83,1
0.2831750213711706,1,7.150787741207146,1,83.33197846411393,5,0
0.8835354791584906,1,1.573205934762911,7,1.533145546810433,58,1
0.4344618953981405,1,2.674065464896989,5,82.28882722114597,37,0
0.1391311223391953,0,4.78321889056275,5,62.36534856288966,64,1
0.0111968104507556,0,8.051164830274795,5,35.72503721271185,45,0
0.03472613137696445,0,9.170550471673067,4,36.77734344475938,14,1
0.2790247765503531,0,6.92983425318692,6,70.64603826370046,20,1
0.9896661323259419,0,0.04735874397781892,3,1.553703128092931,91,0
0.7272428043143662,0,8.32807818378619,8,66.49880701344554,17,0
0.007172200670428452,0,6.256799506328424,4,8.22748685765633,55,0
0.09336124382621214,1,4.657988598203286,1,12.99690478656632,58,0
0.4506169556357922,1,5.98816032597294,0,95.63677954870045,55,1
0.1443471497878288,0,5.024402281224132,4,90.414451644745,73,0
0.6810481637262173,0,1.474366464862571,6,27.75603350834024,46,1
0.0158810265165128,1,5.327714676999656,0,58.03335414643043,97,0
0.4357263217639029,0,4.188624036250852,2,67.97719159681421,50,1
0.7628661666778367,0,4.611946732229124,1,95.82068250025766,61,0
0.3235385982550176,0,2.860270573849724,2,2.706005577580428,75,0
0.5531650032514994,1,2.225058820758481,3,16.87471206071469,15,0
0.03083326390817809,0,5.547267293159392,8,55.33027006278675,84,1
0.01846973523831807,0,0.06627000964020135,3,86.9242134128184,76,1
0.7466266173805169,0,9.103244315500874,3,25.65438912673077,36,0
0.9727809097409357,1,4.218031217474452,6,72.55624683018489,54,0
0.8507111715582487,0,0.4512566028728227,2,33.40672037733985,45,1
0.6627451283086696,1,4.771976470390105,3,46.30175209224912,33,1
0.9968305885207507,1,7.253883627338862,9,96.20630494799603,12,0
0.8987232255846451,0,3.98597709699672,6,17.60015727376805,39,1
0.2378112641337267,0,0.05565107672039549,7,74.01293197251148,85,1
0.6720300398119683,1,4.44975871827327,5,66.01593640537551,20,0
0.2689325559333884,1,4.014506576775035,9,55.00637437024554,25,1
0.6905937624465079,1,1.045888193229134,0,69.99527555626143,2,1
0.5984464906182299,0,6.946896851548206,9,64.14611821734,58,1
0.34544068633348,0,3.757402553201943,8,28.08709864567336,27,1
0.8613846541116255,1,9.123860176404241,0,96.12438466194429,54,0
0.9283084736864471,1,0.8051626534129297,2,71.94777365467218,89,0
0.4826726809929909,1,7.756783487767724,8,91.81766683364216,84,1
0.8662011945118677,0,4.322841650634497,9,44.42452421235059,33,1
0.6844731692018395,0,0.4983526498837731,4,13.69848650168115,32,1
0.2360778965411077,0,8.506602039368685,7,75.69898706713552,53,1
0.6358317809860152,0,0.8607712043783877,7,12.29093235315188,45,1
0.5644203780954931,1,3.976994032475569,9,83.88764192374887,82,0
0.3806194415984296,1,1.301340397013195,6,3.124101975743443,92,1
0.2710853419977353,1,2.99814989059837,9,17.67470546437613,15,0
0.8089917703001983,1,0.5412433041442188,1,44.77890839995,66,1
0.147722638537682,0,6.81196715982014,4,20.52853669305679,95,0
0.8236091450424827,0,1.500324230958063,1,18.49525863774639,83,1
0.9821346005956786,1,0.5043596306759368,2,42.21159976383433,70,1
0.5866663210650136,0,7.35639387388685,6,50.04381918832745,78,1
0.6970693935822776,0,2.193192516268045,1,9.402634327093873,1,0
0.1394787863625524,0,8.942621048745858,5,30.58400056493738,91,1
0.7345599135318486,1,9.021707998362404,6,28.66578648520968,37,1
0.1308005446815987,0,3.624636892099975,0,89.02465917068798,90,1
0.714508921017005,0,8.828002269034318,3,7.008494458651682,7,1
0.1813168537930614,0,0.07184810448788825,4,68.52100482965275,20,1
0.2471722549893896,1,4.601406514855597,1,94.7444846492979,95,1
0.3582589278926986,0,1.072013542186872,2,74.32708130143475,31,1
0.2287251764157914,1,5.905353388464614,6,53.90981657812342,86,1
0.855473361225614,1,0.635956801792652,3,64.57452575007747,82,1
0.08871396105157281,1,1.673943487055369,7,95.07606091590368,2,0
0.9137844966364919,0,3.180048889477329,6,88.21776654767652,65,1
0.7753598585817589,0,7.550951489423703,6,16.88445633592464,72,1
0.4194510283484998,1,7.825420999727626,5,5.864393670359846,37,1
0.7200028042201663,1,6.225587664850245,8,15.38939011960814,75,1
0.1953303480577633,1,0.5553625766423642,1,27.32045469768791,11,1
0.4473570220210805,1,3.056405867017793,4,73.03861295288084,71,1
0.5068326032455281,1,3.915412760839798,0,13.93903285425295,1,0
0.346296275644574,1,2.373450617724242,4,92.10121051853581,46,0
0.9736419548412436,0,7.463080162854272,6,63.30810740265147,97,1
0.2411031906676082,1,7.876460276794462,6,57.08128465171183,54,0
0.05846157406915942,1,5.254180232843038,6,15.87126329862352,39,0
0.9054061434116529,1,3.130478035868487,7,72.83018914728694,94,1
0.6278056431204082,0,1.564022736057264,6,81.8258612035278,62,0
0.3177898356267499,0,7.713114130010615,5,90.48079429938309,36,1
0.6811354672063621,0,6.728227077525848,0,77.72748185785292,96,1
0.03831279544741739,1,5.230304773377545,6,3.712074541527777,50,1
0.09190109820066272,0,6.434897509599558,0,98.65405232220354,99,0
0.4961351711850777,0,6.82157582622579,7,26.17342654147528,20,1
0.9831538237455131,0,5.258816295345572,2,45.69722544905068,2,0
0.7688821434586335,0,0.9169651598328898,1,2.663103915425413,94,1
0.6364383903082727,1,1.547036973233391,6,79.62760347458978,30,1
0.4586241594508995,1,4.721054562979012,2,19.64994406953584,45,1
0.8689221799197617,1,4.72420507740713,4,58.77557532866449,9,0
0.1730007615384861,0,8.473036933497315,6,64.75385401846503,33,1
0.385706738980129,0,9.002532933011214,7,4.875144308526425,26,0
0.5808562598243769,1,9.563819446110555,8,51.88156641488921,48,0
0.1086467807072784,0,5.403128801985018,1,64.72967252254742,97,0
0.6668059890262665,1,4.3542738870553,9,90.97089652773877,81,0
0.5757640732610412,1,4.307718143236985,9,4.882887308415884,48,0
0.2160786759487927,0,9.637584926941805,2,14.54946030394793,74,0
0.3344101432739068,0,9.704333451251271,8,34.78934884887117,33,0
0.7986538743498004,0,8.90478450947592,2,88.36079815053898,99,1
0.3034394028539216,1,7.424080991123832,7,78.95974122990175,7,1
0.9577697658791651,0,9.220750514666715,9,61.38761848154098,81,0
0.2929931399699763,0,5.151561865279355,0,99.15597093540059,45,1
0.7424266060406441,1,8.844025950921704,2,21.40564332092512,51,1
0.1958666963928419,1,6.078571418624248,1,17.27831327706479,76,0
0.2956575161858908,0,6.249431012886668,4,14.96681173536558,23,0
0.8533311036750963,1,9.486593730178257,2,90.12715552792685,19,0
0.3602999037469321,0,6.719007588527792,2,91.0602649924323,18,1
0.9574321024131032,1,8.453536159228483,9,57.78117560435256,5,0
0.08250250483976118,1,7.764242675065387,5,93.38559858528406,60,1
0.07831382451077373,0,3.178218346742707,8,64.46126276798894,65,0
0.1348700445234787,1,1.798381867808103,2,67.43603369079484,10,0
0.1047428385062279,0,7.931146001388359,9,99.05222116858803,98,1
0.8172835646740262,1,1.529149943009522,8,48.52122286469334,91,1
0.1104245222473959,0,3.535143948773558,8,79.58045309917144,36,0
0.6403631724295307,0,9.520859190497482,5,51.57505226660306,12,1
0.280053825535407,1,5.927517838775412,1,89.37831465669947,46,1
0.4843497868118711,0,7.618941031114053,5,36.7194973249833,35,0
0.8081801986990393,0,6.5302904096061,3,5.981614642585975,95,0
0.7172045042780302,1,5.944455093435619,6,39.16185228658651,45,1
0.5322762578337086,1,3.457697688010819,0,63.56854051399672,81,0
0.1169416701198382,1,0.8067178488763438,1,69.60133206471077,15,0
0.02106825737246409,0,9.026045464332526,4,70.4537936797833,20,1
0.8199907981550507,1,2.783441645419622,4,20.98370135717504,61,0
0.06447030984980362,0,7.791681524324936,6,19.19885801221573,41,1
0.8473528517420064,1,3.818117198551552,8,64.51178627173408,90,0
0.524905341297176,0,7.581370716006155,9,43.43393008060377,92,0
0.1738232773029964,0,0.2518410639027691,2,45.40941919532973,33,1
0.7611479834068593,1,7.855456807828223,0,7.16420011164165,12,1
0.8305096788206199,1,3.330166732499227,2,18.65888504821585,39,1
0.7937096995534241,0,1.696250140322588,9,39.60045239423948,30,0
0.1186156786795316,0,0.09845103172610559,6,68.54374306589193,43,0
0.4557484310980329,0,2.71610793388722,3,62.87960470636711,89,1
0.7302154554241715,1,2.63025364554915,3,50.55602933654129,96,0
0.3272467997125228,0,5.946546916682185,2,94.67958730672179,32,1
0.7545798278383096,1,2.72948017772181,1,94.99154043835834,59,0
0.6613037524923049,1,4.708869151650823,6,31.72792376360207,42,1
0.9138424116867951,1,8.799146424311964,3,16.56075882759651,35,0
0.22661797990042,0,0.3546043080776307,5,82.35596666888247,60,0
0.1622345172733899,1,1.415256274621646,8,45.83306539345126,7,0
0.06214529834482097,0,1.020450632661334,7,96.18244420119373,44,0
0.6543411546673936,1,8.49714299102394,2,58.27083657728804,17,1
0.9424292621142945,1,2.611331995389163,6,8.498403368828633,20,0
0.4817669182093864,1,2.44451499909353,4,3.867803228083044,17,0
0.3611434154692827,0,1.596485902117757,6,57.99082842809589,33,0
0.6334994626726211,1,0.617848892114552,9,77.71090549044408,70,0
0.3853984188332356,0,4.203586252659526,2,87.3066269429137,89,0
0.3995555133125195,1,9.275591076568963,9,77.08731162439275,45,1
0.1448929546464999,0,9.226532779649014,9,2.007785240121485,63,0
0.6941518169988365,0,9.605242184535491,0,16.97675474278673,63,0
0.4788591277980598,1,0.543423663263447,5,58.31067081613423,41,1
0.9469352179166588,0,3.020772420567241,2,85.37650124159843,60,1
0.601511728675888,1,4.269850729557962,3,54.94581656785073,94,1
0.6644949954966173,1,4.368948133422601,5,12.52376059050271,84,0
0.08772341944716922,1,2.784372097818719,0,45.4791313919601,69,1
0.8830409357863169,1,7.587230660513455,6,50.35685600693327,19,1
0.7642240761330037,0,0.5091508059858829,6,70.62549319263856,78,0
0.4267897132146978,0,4.684968247594008,0,9.711334174418452,48,0
0.01502487842040479,1,1.602004310088638,4,50.34161721406096,10,0
0.07711217857858821,0,0.1472139332265909,9,91.23658773050623,80,0
0.2400276117704538,0,1.498007870342057,6,82.66939074206729,18,1
0.1068030852766779,1,8.63241807685257,4,11.41110716960045,56,0
0.4375153460628229,0,9.703549118509242,1,70.20908100704075,10,0
0.7484991410892192,1,0.9110645328133282,5,50.16937841429205,13,0
0.1024338172104187,1,5.831933802806217,5,15.70234022857997,95,1
0.9935498294825147,0,1.441420769923547,2,76.7414318971996,57,0
0.1351638987160062,1,9.880412811653231,2,5.44739631144866,11,0
0.6595161996560437,0,6.99910128313638,6,9.898350256190724,7,0
0.9416785965475676,0,1.424498625860369,9,25.41646847145726,63,1
0.3252690514955854,1,2.436684104929667,0,63.81814247969861,54,0
0.2555880826567658,0,4.770167421435407,1,63.24212923325736,75,1
0.6881823083948675,0,9.935580045273971,8,33.83885476516409,30,0
0.3887143370030839,1,8.339726340034225,3,64.90138166999309,37,1
0.01762948070271775,0,4.751224397532803,2,26.8565421457575,86,1
0.6911886580043669,0,4.533868759345046,4,94.10677538193988,93,0
0.3162901736336539,0,2.804867865827789,3,67.22139764117846,43,1
0.2979725137462406,1,3.420270063212432,5,35.73458844229969,18,0
0.5829922403935335,1,3.659056251913537,7,31.82794071729402,18,1
0.4378375130676422,0,9.218059007059544,3,96.86489618901494,45,0
0.07195325028882515,1,3.805938332596568,8,57.0919384276265,38,1
0.5843064419333559,0,3.12629938844361,0,81.44518376522309,56,1
0.1813288459466575,1,2.790879233379622,3,39.05633059849023,82,0
0.9254958713209827,1,1.966284337293505,2,8.98206531002721,44,1
0.5905008243169507,1,6.326123766673473,3,13.897488485705,33,0
0.4814994897749565,0,0.05125106362475762,5,47.83683690943321,60,1
0.04516429306595882,0,5.582443619961603,0,72.54982368321275,80,0
0.3250796925290338,0,0.2069535169832926,6,30.63435534942771,14,0
0.07533072876263325,0,0.0656097546236567,1,10.88482655916261,72,0
0.07334416864308047,0,4.18450666336059,8,36.93889582540988,75,0
0.3307633958425822,1,4.90398987855524,0,94.97270225824401,25,1
0.9322547568036308,1,7.322128312216951,1,38.91137164582707,34,1
0.8281474408764373,0,0.945402632889023,9,35.10307617002648,69,1
0.6799656986377742,1,5.719357355978052,7,10.79141068547485,96,1
0.237239128909446,1,5.890931108053041,2,15.46489425743189,41,1
0.2954637510507505,0,7.352094601534604,9,18.74064257982864,80,1
0.6601089515393939,0,7.16781188622087,2,1.503029580663617,46,1
0.882851233792395,1,9.364397365424148,2,95.10648582958454,41,0
0.4955862178582451,1,1.610983154641092,6,11.6101583794997,98,0
0.9714287776859365,1,0.5611394699358607,3,58.58237599906217,72,0
0.3218188694125252,0,3.050629604558643,9,36.28092491479627,54,0
0.3612957887543924,0,2.259586210988695,2,91.84073591479398,21,0
0.01650905744462317,0,8.940193547523155,0,11.38147878323985,43,0
0.6690054022290124,0,4.610511219992834,7,61.02779201945736,85,1
0.7650522580669281,0,2.922699500101476,8,54.30298720361455,10,0
0.8652594004478997,0,1.434920083059694,2,41.90768848535536,0,0
0.8559734538174664,0,6.828401829580328,6,32.13889714333589,66,1
0.2678360569303124,1,4.084413707827597,3,5.79043975568505,75,0
0.8964343812359563,0,8.584444672887068,0,34.1822999049906,29,0
0.4894968350730746,0,2.488075929102249,9,45.56444196370257,4,0
0.6055393037587744,1,2.556283506975656,1,87.35809551548634,90,1
0.594074354943583,0,1.78610228955087,3,33.13842278793127,53,1
0.8467418750247806,1,5.794580001549225,9,5.026352312652205,59,0
0.538089615722972,0,8.965907197619158,8,45.93190946440389,53,1
0.7776643121533402,0,1.258566726950758,2,3.426610075853564,96,0
0.6850244459474071,0,2.83892893508709,9,18.91836344007616,78,0
0.4477165403371661,1,1.434841931076742,9,8.939438353768892,21,1
0.3466615207579817,0,0.7763378565346835,5,58.03382324267064,38,0
0.1321155133264986,1,7.396349592179963,7,73.779099672637,53,0
0.2436045603022727,1,9.309243191289596,6,39.02290868052862,60,0
0.03872669736871104,1,0.2080930308960505,8,63.23125325660178,4,1
0.913858550937964,1,3.535360318605345,4,19.33291665594139,63,1
0.2465194762929162,1,7.482721246517676,5,73.8498846903538,82,1
0.3764630266464883,1,2.690317638446902,5,67.95189229183201,93,0
0.6555287292656093,0,3.960385249469858,0,42.46352132491429,78,1
0.1545100431726469,0,2.269007618817624,8,58.67336371372082,38,0
0.5940878514900538,1,0.4329245270888338,7,0.8492905068748335,17,0
0.6787391077055329,0,3.827584044070751,1,3.192613645062692,70,0
0.1699071202841609,1,1.619455786101034,7,90.1183702449577,59,0
0.7489471323748986,0,3.731547357988667,3,64.49718478598245,16,0
0.9041292264276721,1,5.024528441748195,2,18.14185103887698,22,0
0.2075345501985104,0,9.899659465516551,2,57.27032016121552,37,1
0.3081636023932606,1,2.388196960074294,0,69.89074195879854,59,1
0.5279356220271942,1,1.03594141776957,9,90.1229978119118,63,0
0.5175667048935901,1,8.449953224240037,9,63.428381097222,0,1
0.150617356174334,1,7.03488133742884,2,99.04261871309052,81,0
0.3947490215434191,0,9.908824159991202,7,46.83485520494,29,0
0.6595842007626542,1,3.295779682211204,6,48.91638776785046,25,1
0.8896125368186518,0,1.537639761814151,2,57.17796305075873,41,0
0.9220096870446506,0,3.41259345325792,7,49.57332249772997,51,0
0.8848075297705251,0,8.175762067014654,0,85.47733317143982,70,0
0.003313000172310288,1,1.37301990765841,6,60.14238104473004,49,1
0.2863381662761653,0,5.34473161699461,5,11.1022552989466,2,1
0.5047171501755632,1,9.867037764869103,9,35.98257205386594,15,1
0.741856769274591,0,3.291854500761364,6,72.09532250876167,88,1
0.7256149283172901,1,9.412478154634536,3,38.97667933166225,48,1
0.1922949229110058,1,5.6452625774351,4,9.845216010972791,26,0
0.7678172516534338,0,8.714292369190334,2,22.66153615021593,50,1
0.3052745561326682,1,9.104114043457027,0,85.79059813724623,2,0
0.1453809389767311,0,0.4348425634524333,5,76.68299880882982,16,0
0.2366045996346291,1,1.016635848285481,9,93.0746823999993,44,0
0.04558622342675234,0,4.078599084087052,7,97.79108467097362,26,1
0.3179009474292993,1,6.78157650030064,0,65.41088089807792,26,1
0.3062478628612122,1,3.612616669975097,9,17.07872156826611,9,1
0.3317985270553125,1,9.650046457029998,5,1.018181026782461,91,1
0.7780494549147026,1,9.924748410660893,3,63.25251773292584,75,1
0.7077041998206111,1,0.2574866175019586,7,11.2559695593144,54,0
0.7749895118251899,0,9.21925513919671,0,87.39147142236466,24,0
0.8159390529979957,1,7.016955969569398,5,22.30144187396652,33,1
0.6688935719542166,0,4.913554147539497,8,29.19123267119168,66,1
0.8289266016044989,0,1.040578464413404,9,53.66893002664109,9,1
0.1861437702524551,1,8.560912806862316,6,49.75796832548532,87,0
0.05814001887543019,1,9.918646300337317,8,73.33243135751549,92,0
0.06609237677217195,0,2.242424259532159,4,4.76203949893692,96,1
0.4377165927225515,0,8.519881906749411,9,44.63224894013324,7,0
0.348876310017844,0,3.053722871994071,9,67.6173763165446,48,0
0.9899183272162406,0,0.9448745439993989,5,19.6204675497851,11,1
0.959261043592484,1,8.15737799843245,5,66.39256965068208,14,1
0.9648253448963877,0,7.790647671622882,6,62.92259404004194,3,0
0.895189245732877,0,8.78408270577576,1,99.3495305469689,27,0
0.1994168671658534,0,8.944965186795242,5,39.35684463439453,1,0
0.5257899777360886,1,6.856842711500462,0,89.63937923169505,27,1
0.413173319426517,0,4.792730639643854,0,22.45051637931157,9,0
0.2018088126887654,0,4.635384842292532,0,65.92170523785373,95,1
0.08580977266353385,0,7.714107148857843,3,9.023728491713268,92,1
0.2490797576451587,0,4.664264001573291,4,57.95132583146692,95,0
0.6158271248626235,1,5.559661887927838,7,3.71260114118277,71,1
0.002054269161366307,0,1.494551971127491,6,76.02126037515029,77,1
0.1460542171637189,1,8.181654338278808,2,34.18455825764073,24,0
0.4940078497198255,0,3.274520231336755,2,35.72962718336053,2,1
0.8125465849976754,0,3.258266705432722,2,59.25524023158162,23,0
0.8621853156679182,0,5.169612516373186,3,26.90654485985144,14,1
0.05052728570323617,0,7.487755291043745,2,83.93377744823545,29,1
0.8019516744987336,0,4.098995067137725,8,71.49886212595891,55,1
0.9044001202693064,1,9.784164787047121,7,81.74220309265483,4,1
0.1906987626381853,1,4.894970152598548,6,92.73489211332537,10,0
0.0497674234943748,0,4.003385645337765,7,64.4451036571002,51,1
0.1024916479159999,0,1.988999122316091,9,31.51553404279446,94,0
0.6345657015157906,1,2.57122478748222,9,66.16439016015141,32,0
0.8562091180018299,0,5.613890491456393,1,65.54113533861565,53,0
0.5457856161631853,0,2.074712766721136,4,32.39689179161525,23,0
0.2982562446462713,0,9.009696709119638,4,39.51860251343222,44,1
0.6558962324021211,0,4.514482274892762,9,12.37255873475172,26,1
0.8311606540966385,1,7.16030030237293,3,39.49385358939404,15,0
0.6189128265451302,0,4.64105189595659,0,53.21190241516018,17,0
0.8317700432035573,0,8.262627605749593,4,7.252095579351048,67,1
0.5745434916215593,0,6.352939012401877,2,37.08392310767017,58,1
0.458442706837334,0,6.474096012073727,0,8.036339174318918,62,0
0.01989713353539035,0,5.820898550568055,5,43.60061246090379,19,1
0.8148062393131805,0,7.494491403380046,1,32.06174168052988,40,1
0.6738957770498701,1,8.366362291090384,9,29.33711574124069,39,1
0.1014673710676373,0,9.133070355461566,1,15.01114839557505,14,0
0.1074993165008016,1,1.245796470357576,4,95.69258706102862,60,0
0.6198499640989148,1,0.3630821739646573,8,88.38549732803125,38,1
0.8498724344641531,1,7.415812115295175,5,81.99255729781416,81,1
0.9248408482540154,0,2.883053736776453,1,67.24531147756039,65,0
0.9579346631567844,1,4.152690698453543,1,18.04297556642103,97,0
0.5558978003233235,1,0.6054964238159055,1,69.76302208869754,7,0
0.3907171190525063,1,7.877653822465498,2,88.4855271013896,32,1
0.7713246830090323,0,0.7003350624594873,1,38.46167609424398,26,1
0.3821094834603791,0,6.368414066356642,0,71.31739972149511,74,0
0.7322773027024083,1,9.52083745230426,3,5.114899274629026,50,1
0.1753983687708423,1,6.925124546422685,1,12.27261494381071,92,1
0.9076958034293612,0,7.05353859712213,2,81.6753717901219,54,1
0.03398657904278646,0,9.080672802269872,8,65.39864776040648,65,0
0.5808180016624265,0,6.483924795276872,3,89.1392537113647,23,1
0.4705267106245108,1,9.76248276606579,2,41.22672505587974,47,1
0.6403195957529273,1,2.29179187035256,8,22.15910765163296,21,1
0.0778001136678037,0,5.78668270045862,3,80.76456339028073,38,0
0.773865823287829,0,5.481227270397449,8,9.613865539552613,50,1
0.8378471729015748,1,6.768602689005392,5,81.51029577192497,14,1
0.02717986756123403,1,3.976687026037204,6,4.034318399492576,86,1
0.9814007860937237,0,0.1261414266693905,2,84.62525783897321,85,1
0.2848721343573555,0,4.734436010378114,4,23.13506633763616,75,0
0.8278867859957217,1,6.708127474858701,6,77.27383143223767,43,1
0.2319001214729914,1,8.93727386881063,1,3.207253359557827,30,1
0.6329945842449882,1,4.161454504421192,2,87.71938621696955,95,0
0.4256729148195901,0,2.04573839044524,0,48.39988557827271,61,1
0.1918899743028115,0,0.6407349075974311,9,0.9767945692737312,8,1
0.8161812500473304,0,7.894484440443395,8,38.76134268298366,31,1
0.9438688276616318,1,3.122448185828173,3,44.78074668166108,15,0
0.4229743685580669,0,7.000600845946481,8,72.55411689884059,91,1
0.6944925061752734,1,4.561438157933611,8,76.49462252276318,64,0
0.1279971677727993,0,7.973189790919317,6,80.36968074113821,53,0
0.3057715384624942,0,7.964110145391666,6,34.63749175041475,82,0
0.04446874215305785,1,6.330193674983511,0,66.25025737909411,66,0
0.78065908585632,1,6.784769292836581,1,91.58743314259397,13,0
0.5489749326735438,0,5.616626371616336,8,18.59293013483958,87,1
0.1932156188272003,0,0.514018772567777,9,37.85365496301403,32,1
0.3595132123652305,0,7.953020034288607,3,1.415525386820415,2,0
0.3389235860065447,1,8.649502450940993,3,29.81513827453757,70,0
0.9185882834474353,0,9.391000702178514,0,93.91488549293135,11,0
0.116917877034107,1,6.919054587337648,9,96.90569664327093,92,0
0.04783576719138294,0,5.61250983467212,3,87.31545074723745,50,1
0.4098725300831665,0,9.040975505774183,5,97.65673499605496,22,0
0.211948288336691,0,0.9622861251823012,5,21.99074857092782,51,1
0.6788796787281135,0,4.150014806791873,1,31.98356443050685,59,0
0.8599986042115908,1,7.252372648677421,7,58.87571553042821,10,1
0.4415326380099924,0,9.750860897373306,4,55.7918156019638,73,1
0.3425571862915977,0,6.868401395419863,9,85.37307823385673,6,0
0.7908450083222627,0,0.1902728569357603,2,79.77554768956759,71,0
0.746627631111406,1,9.329415882641069,7,21.81282953040931,9,0
0.8913713392453857,1,8.245239104405183,6,94.15689926406048,71,1
0.5892669103229164,0,3.587142720924701,2,96.4266443690609,55,1
0.5398054927544251,1,8.599011407110211,7,55.20180086179247,93,1
0.6685657976698902,1,2.236420668226133,1,44.97149672251422,54,1
0.2382703794467507,1,4.618843184637663,8,61.73601623199125,94,1
0.7730013403480791,0,8.027610330989956,0,40.65692410372828,36,1
0.7564948072091711,1,3.653029753659738,6,1.915974311910906,67,0
0.1731682761548057,0,1.683972636459037,4,23.96162978710459,36,1
0.7853741875705751,1,2.446274702126492,4,58.12232075763648,63,1
0.04046061976797155,0,3.314646706103075,7,28.97275379853404,58,0
0.06040128994541982,1,2.777614332280292,2,16.17104750537486,98,0
0.3821073364557559,1,1.134323598053892,1,63.65528335831823,63,1
0.7847969801588262,0,9.839827004232028,6,66.93708142311368,69,0
0.1838652588363408,1,2.733055482780744,8,81.85533934269758,1,1
0.9199640037912762,0,8.617852485916968,9,93.94409837823927,31,0
0.241997666152943,0,0.8368937556011624,4,81.97850793653254,93,0
0.09428559086510413,1,2.920988162631777,5,70.52414595721697,98,1
0.1443469736163481,1,9.64576850286219,4,51.76242989871531,14,0
0.2518913395599269,0,5.1913153312052,6,74.18341372690844,85,1
0.8630504377792423,1,4.596908434143779,2,90.38395004878016,16,0
0.05446894293472115,0,0.8959433814323869,1,31.60466436737912,35,1
0.3079744028378009,0,1.496237348049829,0,95.858570061615,22,0
0.530891780446515,1,1.006630802944641,8,4.229260907540788,63,0
0.1026892390898473,0,4.94457821845673,0,53.59045582106623,38,1
0.5308724495245085,1,8.224437425992235,7,76.18417599166052,49,0
0.8849804437152946,1,3.400548333433431,3,48.30721166648204,60,0
0.8728578885542395,0,9.349057669284205,1,89.5581126158451,93,0
0.8189886630542433,0,3.755206813893721,5,73.5013081530648,23,1
0.793620905902358,1,8.016799755272192,2,0.7226469751608233,33,1
0.07541669109852167,0,6.83932103354405,4,59.76488736169103,2,0
0.5124893742651511,1,1.707138458014117,0,4.442056560435281,53,0
0.3637376088902993,1,1.652831000174118,3,75.68665212322271,37,1
0.3938936036775935,0,1.576582331713541,7,92.74122618460406,6,1
0.7045435709041603,0,5.690414394346122,8,11.03075198047954,79,1
0.03379320451790635,0,2.22254627938649,4,31.42026290046409,0,1
0.4649885445552837,0,8.013519749213005,7,92.73369089505319,81,1
0.254297532544014,1,0.4018737451197296,7,68.13936885256486,61,1
0.1200934633077413,1,0.5717328398401533,9,21.57968078985255,97,1
0.4401488963232227,0,7.631191810817713,4,62.34846514902208,29,1
0.4738989606789017,1,9.269345660725754,8,38.74832804196468,14,1
0.660134860379421,1,3.210305841944219,4,34.51763747708685,58,0
0.9012322116060463,1,0.7874546803546512,6,55.8258737795267,9,1
0.5926739417686182,0,1.760256101972866,8,51.79459715910277,7,1
0.8637108688348376,1,7.558801168142784,0,49.40990345780252,26,1
0.3039333729014946,1,5.82794224762158,1,93.40352727361973,45,1
0.4836728671487334,1,4.896549475386474,3,62.17055416491859,3,1
0.3998695863421908,0,8.013954457577814,4,12.23402877921485,30,0
0.9369720359678373,1,6.958264475984682,8,17.88550466167555,62,0
0.9802187694082303,1,9.87204047268055,0,34.32846421027423,49,0
0.1695775962983899,0,9.058565639284994,9,78.7609167310209,80,1
0.8373059489378287,0,2.685753134468674,6,22.0180833668292,77,0
0.1036596428447438,1,3.186428161746007,0,56.0434862594265,85,1
0.8542904820798058,1,6.306176557257997,3,89.45045299465968,30,0
0.05626773127538787,0,0.6346322470365484,4,99.5539868559625,16,1
0.1085804297964499,1,8.383727927089229,1,80.72870531852101,64,1
0.791296531640858,0,7.132710376113665,7,54.3001311076378,56,0
0.1268488724783989,0,7.107196286335284,8,24.55562651442931,26,0
0.1537070801807636,1,0.3636154856365192,2,19.01941308969628,28,0
0.3520140538079011,0,3.708104189996091,1,94.63281802371735,49,0
0.5843352814915739,0,6.259668715447253,0,17.66629160707864,0,1
0.465939753414311,1,4.695328831913373,7,76.01677217227089,80,1
0.3387073323478116,1,7.204234823915708,5,96.57310283881453,24,1
0.9643013413138626,0,1.610462381137223,4,40.14023300953151,1,0
0.933248217065493,0,4.520377058693941,2,88.18646278250597,11,0
0.7750700105158019,1,0.1624411890470334,9,91.66772848348405,45,0
0.9780332008962487,1,1.580184938986053,3,28.6838034150594,94,0
0.9136382539803451,1,2.356264049519199,3,92.74093274493941,86,0
0.09221261178602247,0,5.745149809565174,1,96.8900171489036,21,1
0.9798827831918437,0,8.593179377475716,0,43.13487155935643,16,1
0.09531859835570033,1,5.284298687518816,2,26.795913461795,50,1
0.9048689967940771,0,1.338095611305994,3,72.71678352428277,93,0
0.1659809115837083,0,9.783905832502702,7,97.31646095255012,27,1
0.3449898899586428,1,3.620390560854378,9,85.09533348998248,99,1
0.4908511282413419,0,5.74729162343929,7,64.56024673974474,74,1
0.1355505465144016,0,6.591935814306,1,11.65883509489314,28,0
0.3375943984160532,0,1.152188829606737,9,74.33565197906324,59,0
0.4065276059738996,1,5.203215688682836,8,33.24103657623192,90,0
0.3737223766169542,0,6.056440271846258,4,26.89865023087465,59,0
0.2847077160893254,0,6.020119530893984,2,98.42335496603374,88,0
0.2260723987180167,0,7.676478643656917,6,20.38437031779878,58,1
0.6420479559778995,0,9.822162092776843,9,44.71725182397748,60,1
0.6807432151335684,1,1.339398940717034,8,6.574080136724114,52,0
0.3691956487357015,0,4.218262386763993,2,26.1389179611619,85,0
0.009324435811313814,0,8.651522707073848,4,39.42200834092229,99,0
0.4445887552549717,1,4.065827002555062,9,5.342395195185734,52,0
0.2012672248804115,1,8.063151005851122,4,58.51278818431378,55,1
0.7463940558188575,0,2.692240433023745,4,84.81259293139871,54,1
0.3977488495316941,1,0.1576818243129519,4,22.81690542165573,51,0
0.9777425463781737,0,8.688478641916044,1,29.34995846034838,37,1
0.9778644611179819,0,6.168973149152557,7,79.69731103747704,60,1
0.305228427498228,1,4.64325878469224,6,66.34548780321438,3,1
0.1419978599635696,1,8.978843068524489,5,13.59580720697145,54,0
0.5993341983325218,1,9.006425441755399,0,60.01444225325891,73,1
0.9793755935405124,1,7.38861086645507,6,50.13706597373939,82,0
0.5745942678205096,0,0.6677140049725061,8,54.77092293337262,12,1
0.6140972109272316,1,0.2100608323692854,6,55.1343213249368,76,0
0.04027314277981109,0,8.310065449227835,3,66.324467928164,49,0
0.7218378324492811,0,0.8122701399321275,0,37.25346414864719,9,1
0.8203661364291139,0,6.318339996316425,7,42.04876684558116,23,1
0.3774312731849125,1,4.065304933257877,2,70.52405270198123,95,0
0.3785294882617998,1,0.4694344671031425,6,12.66865534010897,38,0
0.5068802734559943,0,9.756425146580945,3,22.81457745320266,40,1
0.6436825109792401,1,8.677007487297221,3,77.75007671036379,18,1
0.9667729875613231,1,7.895924419144438,8,63.2074907848651,71,1
0.7774781185116966,1,4.629220292226499,2,88.33497159528257,41,1
0.3853862321775197,0,8.569974411358919,1,52.93888052663473,22,1
0.2734232151408602,1,9.373592192360645,6,90.59450629643257,63,1
0.2435881891595044,1,8.673191865292567,8,50.56113971085665,24,0
0.1936028522525572,1,8.924316039338008,1,39.51808834318886,55,1
0.3712308042180692,1,5.891724893749426,7,23.76881017904056,26,0
0.8613325160155341,1,7.503345451480725,8,98.30014123281119,71,0
0.3252114043583456,1,3.160267769515439,0,66.52176303261095,16,1
0.3268848540564604,0,1.884572126660622,6,31.14898640075921,36,1
0.8894341956123666,0,8.541178482693379,5,62.16688088688311,82,1
0.931453813139278,1,8.669801802866473,7,99.50932043132326,0,1
0.418008028754753,0,9.575034468921732,0,22.37993325819545,41,1
0.09368563753517756,0,6.18124793363651,7,15.59176453971121,52,0
0.5931274164992704,1,7.522778231831766,6,77.84345159391279,9,1
0.9475215499755829,0,0.8895240098900259,1,33.84459856698374,52,1
0.2591276226148389,0,3.843083227614308,8,97.66803148678207,24,1
0.9295689800677971,0,4.786203939065872,4,64.86583237603709,92,0
0.7145563087670068,0,6.445107041312883,8,6.348122208065687,33,0
0.8265085550594948,1,5.0253041160584,6,5.679175730776853,93,1
0.9777758111498662,0,1.511033418760241,2,74.79608830323106,27,0
0.7324060945497624,0,3.575671936714144,8,15.44654282032263,21,1
0.4261922330055168,0,5.371565977129078,9,49.92613336310419,89,1
0.1224473861988311,0,4.923141316792101,1,87.18390686979869,73,1
0.850471694143379,1,1.244052748439399,4,83.28336479282912,97,1
0.147431699853102,0,7.830245288951268,4,98.1865426179936,76,1
0.5731478884341878,0,8.729928661585424,4,10.33175798600972,56,1
0.7498091353775396,1,3.591436495256841,9,88.03853052438417,75,1
0.6722662909356587,1,0.4774911946885441,1,52.88214697023352,82,1
0.1480222072202464,0,8.468202725626146,7,35.43052814137129,62,1
0.1564126079055363,1,9.595789854917298,3,12.32455812263114,37,0
0.4822809252777578,0,5.081174326788389,4,14.92176566840866,68,0
0.7147128820363755,1,4.485865755854328,7,29.0179557042868,70,0
0.09767742560927095,1,6.100366640257809,2,45.45125484790369,37,1
0.1370795120676702,0,1.496654726455562,5,69.93966217867333,76,1
0.6032656944705308,1,3.774770824768137,1,80.40117333599079,92,0
0.227623482561564,0,4.208436298893683,4,63.37620381669134,53,1
0.8410432757163997,1,8.143058907461388,0,41.57626033585036,42,1
0.9057910632456565,0,1.231693647113736,4,86.0240550362034,26,1
0.1851811377737045,0,6.414263154114574,3,71.20828328570741,33,1
0.3065801114817459,0,4.364754062651222,2,73.07545892392879,6,1
0.1839511708909889,0,1.632940419713089,9,73.70296256788795,99,1
0.8785885538598508,1,0.1968486607590747,0,77.66413431459797,74,1
0.8936608528915337,1,5.52400735175751,4,77.49472358997416,5,1
0.2058838188062888,1,4.915049884380198,5,88.59775582020374,61,0
0.3871121056507874,0,0.0904171480549687,4,55.13268244484744,49,0
0.4168207501663594,0,2.376560843836293,5,57.70109486706829,56,1
0.8050095078954491,1,7.13917352609358,6,11.4429175999212,78,1
0.7979024704432818,1,7.844340197232684,3,81.10155178255458,75,0
0.5314678844440088,1,5.545552151884368,3,91.83313431081932,96,1
0.1637187711006385,1,0.4896708464117672,5,95.6331805795156,42,1
0.6411610230924825,1,1.20759952997513,5,70.77880508781578,96,1
0.7573440247134229,0,8.336846861296278,9,24.92050733317031,86,1
0.9618078811989725,0,0.7507482682337541,1,1.526952144442006,21,0
0.8648627264032307,1,8.727720840397073,1,81.63373390475175,62,1
0.4661814698144708,0,3.195858396365512,6,70.2173139091126,20,1
0.583485219080855,1,0.5890159681330287,3,57.8586948733965,22,0
0.4216308414227508,1,3.303406251298335,2,52.21579911346339,48,1
0.6419709375432898,0,6.356232795620305,9,0.1835583926449669,78,0
0.1836024922272732,0,5.884392557903413,8,10.01098109179435,25,0
0.03940173861465079,0,9.517342643904856,7,18.82643783447582,46,0
0.7261561009569608,1,7.135045297617511,7,39.90502655438078,57,1
0.7660456339616286,1,6.807673600902476,7,63.68069466594062,24,1
0.9596426088889936,1,0.1760592205951084,6,38.3487587783057,85,0
0.9848948501661157,1,2.866035700153542,4,54.32797932987998,63,0
0.5187197585767749,0,7.967531003231636,0,19.71681893364741,49,1
0.597606384955327,0,3.77071747948069,1,41.05701046557253,89,0
0.4303677607089231,0,2.410131825358122,7,28.74681799915622,11,1
0.9600673860424049,0,2.674923535244482,5,59.35555684981646,77,0
0.7946832043960592,0,5.098524955495165,7,8.207028876697176,45,1
0.9002771875489943,1,4.562253071054195,8,97.17362596927252,82,0
0.4426185814406927,1,5.224759191369253,2,72.16973686180906,12,0
0.6726094207239175,0,7.08361150136,5,59.7237369039831,75,0
0.2962235404187714,0,4.43183800003518,7,38.52453140079475,37,1
0.6758798830540425,1,0.3430587878297398,9,80.27487595269702,48,1
0.2187729380657386,1,4.554206583241543,9,45.34411315065643,73,1
0.3033134591842388,1,1.108376363707029,7,57.90120160225278,38,0
0.1764338139160211,1,4.968936246622746,3,55.44371823575662,18,1
0.8465330293579447,1,6.898087083240577,2,37.78708304777287,88,1
0.3854110522170073,1,6.94891667960815,4,94.94041298062355,34,1
0.2190044372095283,1,5.443232134448486,8,58.6984020069236,23,0
0.3044019534885423,0,2.324022606509093,1,85.91857672484105,96,1
0.2629602521679777,0,7.264125935862158,7,52.91493114854458,51,1
0.5412077722640414,1,0.7503171878673798,2,56.17925350587987,51,0
0.4083806971645931,1,8.901214027435492,7,31.85327631139359,48,0
0.4707285958417662,1,3.22188470904784,7,34.40086400955682,99,0
0.3837500511403387,1,3.630607204087577,5,64.23656882029509,6,0
0.3398248652099034,0,3.047097078675931,5,49.35296960899542,58,0
0.8876358094570644,0,6.929149169402855,6,83.00932490263232,95,1
0.05528426250351282,0,7.574480122607503,4,26.37587955148988,67,0
0.5280366999511232,0,1.603658606526024,8,13.73612677416207,74,1
0.4204273756488062,0,1.141581266744998,5,36.5850850817189,35,0
0.9442491141713556,0,1.641642241821182,7,49.41999755056386,85,1
0.4231590123960534,0,7.680503542617372,7,75.2489067679977,77,1
0.08579483116423048,0,0.4782421459723007,2,75.4910149883949,27,1
0.9853522025595083,1,4.942526868374157,9,77.61802687293778,63,1
0.4010290187681704,0,5.822033717591775,1,11.95463758928186,55,1
0.1641932340876022,0,9.693747428174396,2,78.6932061285311,35,0
0.9356463308475012,1,8.819298228193084,6,64.58414633862304,14,0
0.129094087358099,1,9.290777133936189,7,72.60177309464085,92,1
0.3342122258400821,1,9.581825588997757,1,34.51621472119828,65,0
0.7851641192472392,0,8.152775184383747,7,62.70185900424315,80,1
0.6013913324936966,1,5.934859068559657,5,23.96074776402368,15,1
0.03031145201346197,0,6.886736640734357,9,4.794396198561146,3,1
0.2396726291671742,0,2.562601007269332,8,10.80778371801672,20,1
0.4072642769361363,0,4.805501954074138,8,90.57428678278056,40,0
0.67496074052337,1,5.136337852922384,5,52.73482867087791,68,1
0.9655327532099316,0,5.315527133463805,8,84.76023449971659,62,1
0.9178055531698388,1,4.643961983398002,2,99.06062206644602,61,1
0.7804022214409754,1,5.998433438684465,2,51.0676743210972,67,1
0.447948230262452,0,3.996803094938517,4,4.37914860992974,98,0
0.9508138487766342,1,8.816878475402119,4,7.3284529870415,89,0
0.8159830341772478,1,4.059758664943685,6,2.676399572574395,4,1
0.3767355278633329,0,8.488745611066834,8,2.90292577703748,27,0
0.199211780273095,1,9.498809059896624,6,46.62218868758878,27,0
0.6626464159632255,0,7.06430606054375,7,6.23933756608157,53,0
0.8852029263448624,0,8.3957291406561,5,42.32891002075763,30,0
0.4026638796199702,0,2.76671002562412,5,76.48098126234547,32,1
0.3851248504554245,1,4.837318218533588,9,53.05970806134852,4,1
0.5054004624953927,0,5.352007195435755,8,73.07565451252009,10,1
0.6071518371901035,0,1.513718357722873,0,24.13581563824181,8,0
0.796602116904018,1,9.65500704826917,4,71.66335061138243,59,1
0.501636072457289,0,3.756212082210781,1,43.45521231767149,73,0
0.1825324724571695,1,3.938881784589612,0,92.17460172456282,23,0
0.3586606816678184,0,5.86440417870321,0,99.75746710752358,92,1
0.69016166845615,1,5.533407973193445,1,9.597127596016053,69,1
0.7012830242842842,1,9.858835583973606,0,92.73238516972202,62,0
0.9256159049691333,0,7.677653767714754,3,79.6846898078476,20,1
0.4812093755630873,0,6.3492810060771,0,52.15930116782233,41,0
0.2402159297696511,1,7.083861521695578,6,61.7895929505895,39,1
0.9749995726286951,0,8.954725510586849,1,1.31704057353772,54,0
0.2517652191848632,1,0.8178368316547568,0,40.29588697177184,27,1
0.2375005965071826,0,5.996485874139721,1,98.16580886103068,75,0
0.7463079581698251,1,7.135867108037055,7,91.87959233103508,63,1
0.2763016619663559,1,6.329977422188822,6,75.94656461755605,59,0
0.5834988295808297,1,2.976438546037026,6,10.35718669225454,68,1
0.4049512090448177,1,2.249298136930691,1,80.92554889824888,44,0
0.1795431206296796,0,8.678600933494955,9,71.25870152277172,59,1
0.9318911554575642,0,7.698495368039016,3,31.63311142719922,17,1
0.3652307764560108,0,0.08989464260288127,0,73.71545288912138,9,1
0.3342739396789456,1,0.03530445001651117,0,49.88256458812832,48,0
0.01236588557876273,1,4.41990619392159,9,27.5538864062421,82,0
0.0960252001403421,1,4.60904917480016,4,51.50967422708206,71,0
0.6756771731551954,0,1.153514164251344,7,27.03756621369384,4,1
0.2055031336979132,0,5.416121312868118,7,72.93247531669881,93,1
0.08803880246379414,0,5.580654601887796,3,36.79836055244798,27,1
0.8018452754558758,0,7.221911043606688,4,54.14485335914978,41,0
0.07129469210505346,0,7.063929492265937,6,43.1349833195622,67,1
0.2199955195711341,1,0.4211426960147846,7,95.86469320223321,30,1
0.07450074332863377,1,0.3748119360020308,2,58.68652041770375,67,1
0.9015826315544231,0,9.359104258225207,5,74.65768549487493,89,0
0.9450882185140261,0,2.783337861786557,0,27.22177525730412,91,1
0.4380853331559766,1,7.90349660717943,4,48.05377476878581,74,1
0.6845927207190257,0,2.305642394596004,7,84.99686130537908,69,0
0.233698586770752,0,0.09229058999546291,2,95.21209531701732,83,0
0.4472571979199926,0,7.960304254548663,4,92.64815698000454,98,1
0.3585257294036452,1,0.6726453117966935,8,15.70598862746522,73,1
0.3837605940175528,0,7.925287283314453,2,17.16968815863174,89,0
0.9620706237340064,1,4.53356675868315,1,22.12352323140154,96,1
0.7983340811866277,1,6.692678160854693,6,90.46252227741964,93,0
0.3522595046417363,0,1.872267829129828,7,56.38968093104872,0,0
0.3793697125502808,1,7.712282477824064,7,22.04759088053003,74,0
0.7726402962540408,1,1.650742947418031,7,21.64821596540893,35,1
0.5026488710474633,0,8.334429317231134,4,60.72195485597205,76,0
0.3020770513365159,0,9.551445717101112,8,63.90926063840479,31,0
0.3054961471661131,1,7.880763729308698,9,78.45777395848208,26,1
0.7658627237824649,1,1.940904625262052,2,56.48121336676893,8,0
0.6976098483383959,0,8.66384870104004,3,44.10158547679173,63,1
0.06257520043468912,0,0.6264309540838253,3,66.58192446526982,23,1
0.7287395752959736,1,1.01177390287553,2,99.70633074649022,30,0
0.6212728364718298,1,5.145806057946139,4,96.38241138569373,83,1
0.5958926771006341,1,7.70222565931355,3,97.78034776698723,21,0
0.3250966284892889,1,4.336760305444383,7,74.95546282802985,8,0
0.4602603386961421,0,8.291061698678735,8,73.56326796108009,72,1
0.8150562695541992,0,7.18287116793395,8,25.42655925616857,55,0
0.4546861956935417,0,3.071834792828707,8,11.88784698563112,76,0
0.8477876768304993,0,2.591351308013927,1,74.99303088722817,28,0
0.04169023242879843,0,7.525860084685774,2,58.48380104660365,86,1
0.04073994944487902,0,3.61171780850781,6,83.53001062444692,38,1
0.5548145369644122,0,4.957288115495404,1,31.74449444739576,99,1
0.5513386030791774,0,5.158672860646421,9,34.04765900532838,34,0
0.4318749479686621,0,1.846039686714336,7,43.48763722034195,69,0
0.6761320349009932,0,2.727211185549538,3,46.97162891894102,0,1
0.6571461124413596,0,3.871008601871784,8,73.29547537267369,65,1
0.9057665865449884,0,2.774979229790824,4,28.77196528510111,24,0
0.8939407897413292,0,5.458348856368742,3,70.77943689991156,79,1
0.7274704281704845,1,9.032452288728816,6,11.35228885741626,28,0
0.184394638211099,1,5.274738833794393,0,58.47101334054388,40,0
0.6670498707108079,1,7.69327702586544,0,16.60229990167466,9,1
0.8300466866422882,0,8.151161554570942,8,77.12899326814473,62,0
0.8629681001104095,0,3.577886536097759,9,22.31689146544063,5,1
0.5970755350489065,0,2.28343405005033,6,71.7138894399141,90,0
0.1757840898219625,0,4.663102660814138,7,24.7057535908606,52,0
0.8027318537295702,1,5.061845033564345,1,3.3937415738297,91,1
0.2309501626419643,1,3.579048199983177,8,0.2041913155858,96,1
0.8658209339029352,1,2.670726972726152,9,98.92065839628043,4,1
0.295508700647017,1,3.274684895934683,0,14.45088480812624,38,0
0.7716759733993688,0,3.830862055883943,6,12.01592750846534,18,0
0.5573514776421575,1,8.445489945313602,3,63.11623632349317,23,0
0.346069520197902,0,6.6367993306436,3,1.206797068988319,92,0
0.3461092806258228,0,9.638905038626477,6,37.88074592731998,65,0
0.6826387139249046,0,1.536196284665166,1,21.12865351347271,3,1
0.6405527196143905,0,8.19928800493101,6,82.03254916189391,70,1
8.014426322282553E-4,1,3.150237682390238,0,44.18879053198182,9,0
0.8483322079579374,1,0.9607333383775285,1,91.04583299966365,82,1
0.435614008038697,1,9.396845877828982,2,72.7465001751905,56,1
0.9175495725130667,1,3.813754031490997,2,93.45338958992701,9,1
0.5754952084670653,0,6.568015951273463,0,21.7448817567967,15,0
0.4302030331868609,1,8.77566406531683,1,17.89459600685899,10,1
0.5223837168497536,1,8.511598486908488,4,33.56211600833805,2,0
0.377756476489671,1,9.168712758359312,9,75.05280163177994,19,1
0.6301354819468408,1,3.85379613966528,0,67.83366020241286,16,0
0.5731924989425923,1,2.588359823894724,4,6.836610828612466,31,1
0.5776611815160475,0,4.833453297463839,0,62.92127465659052,99,0
0.9850555924565152,1,8.761182776098664,2,12.51147653003244,10,0
0.6064257204693018,0,3.45121025699406,5,8.492941406441702,34,0
0.497156031039045,0,8.689614244192676,3,27.88875255846455,84,1
0.01152002220764747,1,6.260329359950751,2,71.08961096584008,82,0
0.3362394804167264,0,5.537554205975084,1,24.73485009898631,52,1
0.5135670233324547,0,5.102858771288825,7,75.67060127934377,45,1
0.02333462269285791,1,8.384517322072453,6,73.85610349256295,68,0
0.6985752982871596,0,1.765003023583296,5,73.09362436151328,74,1
0.8501718055318126,0,9.464586176791451,8,54.49954504620877,74,1
0.1918905948877507,1,5.878977711147866,4,45.17424433642159,38,1
0.1965607678976513,1,6.778600980100689,2,54.88945270364854,59,1
0.284461044228439,0,6.051847184938057,9,76.62967896760786,54,1
0.6404276109962304,1,5.25151378040651,6,14.94851437977458,46,1
0.8501084937536054,0,7.968192160201282,2,59.0728140642254,10,0
0.3137491073873981,0,8.126727227737975,2,97.0274096729805,75,1
0.7368628259252827,0,9.745971038382757,9,3.995703117082616,66,1
0.09278035178472188,0,8.809669540351331,6,62.07108480170402,34,1
0.1854240330869694,1,4.295750296352794,2,90.85303811576733,93,0
0.3682608705841115,0,2.030774946056317,3,37.56933246187686,31,1
0.3683477768120313,0,7.753124720942409,6,70.95087083674285,9,1
0.8905724069506169,1,9.830007727588477,6,98.72425472679296,81,0
0.05153201827896292,1,2.744304302625986,2,55.7777849495143,44,1
0.2638492250493059,0,2.89591876443321,6,77.36748847246373,94,0
0.2579986248134412,1,2.02273938075904,4,1.599746541833436,86,1
0.891773289659352,1,7.071368251119512,2,40.78624831089157,40,1
0.2436933233695573,0,6.14880790520248,0,44.00521756044202,9,1
0.1234278969374156,1,2.184286494322187,3,24.0467925234588,9,0
0.3444194816100614,1,8.358411745869809,1,26.81772662456108,94,0
0.5944512015803509,0,3.131127434201653,5,85.8851832279643,10,1
0.1317519061709564,0,6.408864353190431,7,65.8927009755269,38,1
0.8754322425613528,0,6.655184315247274,8,38.4978301654388,35,0
0.6466516571898779,1,4.750271669420725,6,50.71662142535114,3,1
0.6419206004761622,0,5.6491313941626,2,86.39179863519753,98,0
0.6958263041124988,1,5.732109967999302,1,87.34576324723373,64,1
0.0560992440680097,1,6.024551644462782,7,46.66414780995127,90,0
0.8263477637893808,0,2.310147258651176,5,30.16853170740344,92,0
0.5501593023648426,1,2.306723446777894,8,93.30226698914737,53,1
0.2357444409930918,0,4.999956518250026,8,22.4497598329626,78,0
0.9155596549983467,1,2.231713637805701,2,43.96549973141008,23,1
0.1569180283152052,0,0.7083200108322152,3,5.401412310861708,85,0
0.04463190720889121,1,1.744762507627453,5,33.54912854464938,26,0
0.3883139503344528,1,8.90007251121279,3,62.7915762950165,0,1
0.2761214323462284,1,9.538127322711503,3,98.39325741128293,89,0
0.1514492191034873,0,8.311296225745998,7,8.329221365673934,54,0
0.7302404808514222,1,7.406037335565443,8,67.7789872882212,56,1
0.4435714420715982,1,6.645848848999454,9,92.12565220401179,1,1
0.9296748585171182,1,9.211531007026041,0,30.35645620709047,86,1
0.2485726749526445,1,2.893004948560916,1,50.94190849919376,32,1
0.5431014280481468,1,6.826567830735682,0,68.97223169196785,67,0
0.06925790836038259,0,1.000654023534235,8,20.43676701137385,14,0
0.4165821813488444,0,6.979662874732018,1,62.61695820793827,26,1
0.05885260625106192,0,0.1521461944938984,6,85.07331909882305,92,0
0.6984051818704773,0,2.209224212141816,6,8.267811798497538,64,1
0.2172605610187501,0,0.3305710682537999,7,52.44435362460658,3,0
0.5939619214642129,1,8.131738140653411,6,25.43178585735002,15,1
0.6311003350557709,1,9.83742177405131,5,56.61923338497819,90,1
0.9382924639831489,0,6.49387374267758,8,82.78917720576975,75,0
0.7959822940513306,1,0.3922374021727459,2,66.38171013058864,72,1
0.8744823006001918,1,9.01684889526966,2,73.11598719586942,65,0
0.1013073832235052,0,0.9376869479911232,6,63.00492762366687,3,0
0.996815583065991,1,1.138964917292429,8,54.19388867271897,68,0
0.8747623134957967,1,5.184673723670277,6,67.23141065138766,84,0
0.003684293831793584,0,7.29257132584001,7,78.30686825166977,64,1
0.1569727201603943,0,9.450007193654578,0,15.53127732006094,63,0
0.6017192167374563,1,2.64911625860629,9,45.49271755865622,26,1
0.2885752043774179,1,9.960917059376307,9,4.98398984302697,34,1
0.4736242136200663,1,9.203447276552792,4,91.0600472413034,14,1
0.9821314038011042,1,3.265533565961167,8,28.80447997712223,6,1
0.8493955995215774,0,5.323392199677309,3,17.86768609709126,68,0
0.3406263647075403,0,5.221538849311134,8,51.81603419055836,92,0
0.5567989471012724,1,1.445966722827581,9,64.69228814876705,12,0
0.2654341490062622,0,5.458067527392386,8,94.31955266762608,46,0
0.8020458800364583,1,6.60145839425625,9,85.75160352515323,50,1
0.01172332055615444,0,7.009404525754753,4,37.28201421283146,21,1
0.7566849000962592,0,1.260641521588388,1,5.22948547477533,86,1
0.7325026248320037,1,6.324519973936393,7,50.39911735386877,34,0
0.1016222397147835,0,3.604427676144848,9,5.80363253288374,98,0
0.1799608184130577,1,2.563889048474697,7,58.0499087991929,40,1
0.1716588432390369,1,6.0571485426834,5,91.0067252703306,61,0
0.8502909200447522,0,0.8490322822018603,5,35.5669476970873,79,0
0.7768501386914113,1,8.33326231794528,3,83.1123093622102,77,0
0.6422927442367561,0,5.624552189276598,7,20.97482477769197,54,1
0.8744548760194211,1,1.555667818862967,7,91.5227925268385,26,0
0.643164373804074,0,7.761148054905911,4,27.37767265549644,90,0
0.7835913433184081,1,6.893171430402652,0,80.66051472855746,15,1
0.2920084044642248,0,2.689666236454162,6,45.79899345615763,45,1
0.4494593562686644,0,1.861283628177317,1,66.60221079683039,26,0
0.5801036676471569,1,9.01712158403954,8,1.68409681535584,48,0
0.2879621979415499,0,9.170737148122566,6,9.024742191774049,77,1
0.3564129125844371,0,6.989320518542928,6,83.93146466191877,79,1
0.8128627186535449,1,4.924521458126095,2,90.87254851427691,1,0
0.02810663537973324,0,3.915036792035433,4,52.77796876481682,33,1
0.838314468871654,0,5.065781685882937,3,36.61084239839314,22,0
0.4691836867562684,0,2.221969347273423,2,67.02723831415342,24,0
0.3849574639359943,1,7.983320842166506,3,92.05418660722506,22,0
0.7670531754159826,1,1.518683917599128,6,51.05497813663526,60,1
0.1325993850550078,0,6.782793790600752,4,52.53189865886121,24,0
0.7840894760439003,1,9.663043409343462,6,36.07445978802093,10,0
0.03479796454367823,0,0.2219297545610499,0,74.99670285602646,86,0
0.05937378829372264,0,6.25135626057823,5,88.26420402423093,21,1
0.2047467342207403,1,9.152702963835615,4,85.06556438413628,24,1
0.009034102380635067,0,7.347640749011486,3,35.14679998356056,50,1
0.6504798161341689,1,5.553379497925843,8,59.37906735439762,23,1
0.2231431729183013,0,5.236000250340447,5,9.66642759670493,1,1
0.4933115307067693,1,6.796594836572893,6,29.97926719672554,54,0
0.2043795050290647,0,9.858622607755018,0,84.02281118540252,45,1
0.5627365467665497,0,5.042690277212152,5,96.5549382810577,99,1
0.6507748455545774,0,4.68140720767013,8,23.77060838322085,59,1
0.6337095499229415,1,9.206811626714721,4,37.18082563074139,68,1
0.1720932775320672,0,9.654985988452216,0,93.1155815999064,80,1
0.8059232956131117,1,2.476482797527999,4,26.85216815904068,85,1
0.6725999423153748,0,0.4397600175590854,2,31.89535959901191,89,1
0.01689232689525699,0,6.81501932183294,8,47.97247311184172,98,0
0.484110977522243,1,9.794164347654457,1,56.98762540324947,0,0
0.6223579619455235,0,8.743251456407188,7,32.31987116557653,89,0
0.5901038946075612,1,8.76739140457297,9,27.1362580905999,54,1
0.6229865871337783,0,6.288564398443246,6,57.99195257372634,93,0
0.5581578692877671,1,4.58898999839754,6,27.18226236426822,39,1
0.3185893301585743,1,6.046278401182832,8,30.71163000396051,4,0
0.78316443313726,0,3.693759462539932,5,85.48890444774891,89,1
0.02196175792210409,0,2.411684330801225,4,26.50323224416253,86,0
0.8718623152559617,0,0.03705864899851363,5,65.90977209345918,74,1
0.5982926701589344,1,5.578150072810815,5,47.62805445047238,7,1
0.9528646737418849,0,4.707339243382345,2,63.61445050831889,60,0
0.8440100480975763,1,4.09072046144614,1,99.77215629750522,69,1
0.3995688439020555,0,2.652150354480445,8,45.98532533189898,4,1
0.5677895048996426,1,2.796382331980165,5,79.62403597347635,62,1
0.02477456483459961,0,3.911980924906897,8,57.33262195858342,44,1
0.3659721942404661,0,7.089789821054436,8,64.74339430677854,79,1
0.7468925044654109,1,9.850897507409291,8,20.27804873791326,39,1
0.1590593737069841,1,7.745186217843876,2,95.20789657972657,39,1
0.4569091883515333,0,6.660420123377786,8,71.54654683336553,40,0
0.09248190035529014,1,4.35746793983369,5,32.67466858428605,86,1
0.9586703739562663,0,4.7716628392321,0,29.70050212319506,84,1
0.5432524384995572,0,4.265925017091412,5,96.39269694754668,75,1
0.5632867522082945,0,5.580319851111999,7,10.39651977394924,20,0
0.7264959288171027,0,5.256550715936553,4,62.31694434479851,90,1
0.3849777820414404,0,2.81925047533397,0,73.68040094460275,61,0
0.864264183084434,0,3.941405707992294,6,8.969602863175874,11,1
0.6458648290336828,1,2.292585917429706,6,44.71006466507455,54,1
0.7062878695586887,0,9.39037326651775,0,82.76775758073234,8,1
8.881724553113646E-4,1,9.506473775997575,9,76.21112694397749,95,0
0.3218199994062805,0,2.631224329942774,0,63.1998957423968,15,1
0.1771415695573018,0,4.291706474406299,3,97.1670277475301,56,0
0.301147983210317,0,3.221117173435195,6,36.27135766493321,57,1
0.502420893128424,1,4.882832677382978,6,34.99292827215464,7,1
0.7610013098194988,1,2.701821990445468,0,73.16914484305327,85,0
0.6486417415577501,1,3.393020054495464,9,82.63685610076183,13,1
0.1783860206997083,0,2.036665817391792,2,49.2685656045049,81,1
0.09738460367167079,1,7.50898427945949,8,33.76713623825984,14,0
0.2481939065662286,1,6.604851970565644,8,3.736904574460032,39,1
0.9164674934004624,1,3.356903561687172,3,63.899292029307,51,0
0.6596509041033862,0,6.786494352082082,5,87.95835872723595,40,0
0.04111313783630055,1,5.73161920809062,1,36.8348732068339,42,0
0.801031370157649,1,9.584740912514842,2,67.1147180654477,39,1
0.5557909635888874,1,5.603108072316252,6,95.6918822877607,76,0
0.9430452326142968,1,5.121904080982387,2,8.188637679764788,43,0
0.06798258195551043,1,5.367231459080215,1,53.05216229230396,86,0
0.3476305394092722,1,7.209889553978764,2,49.46574724462916,55,1
0.1430979884453709,1,0.5182771737710867,1,3.007887220089578,31,1
0.8862892211491837,0,9.020576295489168,0,94.6346749343236,77,0
0.03901473532479316,0,5.168357989325574,1,51.82157011614843,43,1
0.9090101189051571,1,8.86480378104493,8,99.66655571542582,89,0
0.332459530661062,0,5.618352204139987,1,18.55330186063691,30,0
0.2928521756844271,1,2.432657076214737,2,68.69105148183763,20,0
0.04606945435069565,1,6.196742366759767,7,33.18433093567339,39,1
